id,winner_model_a,winner_model_b,winner_tie
136060,0.780575,0.21572877,0.003696311
211333,0.780575,0.21572877,0.003696311
1233961,0.78057474,0.21572892,0.0036963064
